<blocks app="Snap! 4.0, http://snap.berkeley.edu" version="1"><block-definition s="%&apos;head&apos; in front of stream %&apos;tail&apos;" type="reporter" category="lists"><header></header><code></code><inputs><input type="%s"></input><input type="%anyUE"></input></inputs><script><block s="doReport"><block s="reportNewList"><list><block var="head"/><block var="tail"/><block s="reportFalse"></block><block s="reportFalse"></block></list></block></block></script></block-definition><block-definition s="head of stream %&apos;stream&apos;" type="reporter" category="lists"><header></header><code></code><inputs><input type="%l"></input></inputs><script><block s="doReport"><block s="reportListItem"><l>1</l><block var="stream"/></block></block></script></block-definition><block-definition s="tail of stream %&apos;stream&apos;" type="reporter" category="lists"><header></header><code></code><inputs><input type="%l"></input></inputs><script><block s="doWarp"><script><block s="doIf"><block s="reportListItem"><l>3</l><block var="stream"/></block><script><block s="doReport"><block s="reportListItem"><l>4</l><block var="stream"/></block></block></script></block><block s="doReplaceInList"><l>4</l><block var="stream"/><block s="evaluate"><block s="reportListItem"><l>2</l><block var="stream"/></block><list></list></block></block><block s="doReplaceInList"><l>3</l><block var="stream"/><block s="reportTrue"></block></block><block s="doReport"><block s="reportListItem"><l>4</l><block var="stream"/></block></block></script></block></script></block-definition><block-definition s="map %&apos;function&apos; over stream %&apos;stream&apos;" type="reporter" category="lists"><header></header><code></code><inputs><input type="%repRing"></input><input type="%mult%l"></input></inputs><script><block s="doWarp"><script><block s="doIf"><block s="reportEquals"><block s="reportListItem"><l>1</l><block var="stream"/></block><block s="reportNewList"><list></list></block></block><script><block s="doReport"><block s="reportNewList"><list></list></block></block></script></block><block s="doReport"><custom-block s="%s in front of stream %anyUE"><block s="evaluate"><block var="function"/><custom-block s="map %repRing over %mult%l"><block s="reifyReporter"><autolambda><custom-block s="head of stream %l"><l/></custom-block></autolambda><list></list></block><list><block var="stream"/></list></custom-block></block><custom-block s="map %repRing over stream %mult%l"><block var="function"/><custom-block s="map %repRing over %mult%l"><block s="reifyReporter"><autolambda><custom-block s="tail of stream %l"><l/></custom-block></autolambda><list></list></block><list><block var="stream"/></list></custom-block></custom-block></custom-block></block></script></block></script></block-definition><block-definition s="keep items such that %&apos;pred&apos; from stream %&apos;stream&apos;" type="reporter" category="lists"><header></header><code></code><inputs><input type="%predRing"></input><input type="%l"></input></inputs><script><block s="doWarp"><script><block s="doIf"><block s="reportEquals"><block var="stream"/><block s="reportNewList"><list></list></block></block><script><block s="doReport"><block s="reportNewList"><list></list></block></block></script></block><block s="doIfElse"><block s="evaluate"><block var="pred"/><list><custom-block s="head of stream %l"><block var="stream"/></custom-block></list></block><script><block s="doReport"><custom-block s="%s in front of stream %anyUE"><custom-block s="head of stream %l"><block var="stream"/></custom-block><custom-block s="keep items such that %predRing from stream %l"><block var="pred"/><custom-block s="tail of stream %l"><block var="stream"/></custom-block></custom-block></custom-block></block></script><script><block s="doReport"><custom-block s="keep items such that %predRing from stream %l"><block var="pred"/><custom-block s="tail of stream %l"><block var="stream"/></custom-block></custom-block></block></script></block></script></block></script></block-definition><block-definition s="map %&apos;function&apos; over %&apos;lists&apos;" type="reporter" category="lists"><header></header><code></code><inputs><input type="%repRing"></input><input type="%mult%l"></input></inputs><script><block s="doWarp"><script><block s="doDeclareVariables"><list><l>mapone</l><l>mapmany</l></list></block><block s="doSetVar"><l>mapone</l><block s="reifyScript"><script><block s="doIf"><custom-block s="empty? %l"><block var="data"/></custom-block><script><block s="doReport"><block s="reportNewList"><list></list></block></block></script></block><block s="doReport"><block s="reportCONS"><block s="evaluate"><block var="function"/><list><block s="reportListItem"><l>1</l><block var="data"/></block></list></block><block s="evaluate"><block var="mapone"/><list><block s="reportCDR"><block var="data"/></block></list></block></block></block></script><list><l>data</l></list></block></block><block s="doSetVar"><l>mapmany</l><block s="reifyScript"><script><block s="doIf"><custom-block s="empty? %l"><block s="reportListItem"><l>1</l><block var="data lists"/></block></custom-block><script><block s="doReport"><block s="reportNewList"><list></list></block></block></script></block><block s="doReport"><block s="reportCONS"><block s="evaluate"><block var="function"/><custom-block s="map %repRing over %mult%l"><block s="reifyReporter"><autolambda><block s="reportListItem"><l>1</l><l/></block></autolambda><list></list></block><list><block var="data lists"/></list></custom-block></block><block s="evaluate"><block var="mapmany"/><list><custom-block s="map %repRing over %mult%l"><block s="reifyReporter"><autolambda><block s="reportCDR"><l/></block></autolambda><list></list></block><list><block var="data lists"/></list></custom-block></list></block></block></block></script><list><l>data lists</l></list></block></block><block s="doIfElse"><custom-block s="empty? %l"><block s="reportCDR"><block var="lists"/></block></custom-block><script><block s="doReport"><block s="evaluate"><block var="mapone"/><list><block s="reportListItem"><l>1</l><block var="lists"/></block></list></block></block></script><script><block s="doReport"><block s="evaluate"><block var="mapmany"/><list><block var="lists"/></list></block></block></script></block></script></block></script></block-definition><block-definition s="empty? %&apos;data&apos;" type="predicate" category="lists"><header></header><code></code><inputs><input type="%l"></input></inputs><script><block s="doReport"><block s="reportEquals"><block var="data"/><block s="reportNewList"><list></list></block></block></block></script></block-definition><block-definition s="show stream %&apos;stream&apos; %&apos;number&apos;" type="reporter" category="lists"><header></header><code></code><inputs><input type="%l"></input><input type="%n">10</input></inputs><script><block s="doIf"><custom-block s="empty? %l"><block var="stream"/></custom-block><script><block s="doReport"><block s="reportNewList"><list></list></block></block></script></block><block s="doIf"><block s="reportEquals"><block var="number"/><l>0</l></block><script><block s="doReport"><block s="reportNewList"><list></list></block></block></script></block><block s="doReport"><block s="reportCONS"><custom-block s="head of stream %l"><block var="stream"/></custom-block><custom-block s="show stream %l %n"><custom-block s="tail of stream %l"><block var="stream"/></custom-block><block s="reportDifference"><block var="number"/><l>1</l></block></custom-block></block></block></script></block-definition><block-definition s="sieve %&apos;stream&apos;" type="reporter" category="lists"><header></header><code></code><inputs><input type="%l"></input></inputs><script><block s="doWarp"><script><block s="doReport"><custom-block s="%s in front of stream %anyUE"><custom-block s="head of stream %l"><block var="stream"/></custom-block><custom-block s="sieve %l"><custom-block s="keep items such that %predRing from stream %l"><block s="reifyPredicate"><autolambda><block s="reportGreaterThan"><block s="reportModulus"><l></l><custom-block s="head of stream %l"><block var="stream"/></custom-block></block><l>0</l></block></autolambda><list></list></block><custom-block s="tail of stream %l"><block var="stream"/></custom-block></custom-block></custom-block></custom-block></block></script></block></script></block-definition></blocks>